INDEX_ID,password
INDEX_ID,インターンシップ
INDEX_ID,インターンシップ名
INDEX_ID,コメント
INDEX_ID,パスワード
INDEX_ID,ユーザid
INDEX_ID,ログインid
INDEX_ID,開催年度
INDEX_ID,学生
INDEX_ID,学生id
INDEX_ID,学生氏名
INDEX_ID,学生情報
INDEX_ID,学生登録
INDEX_ID,学籍番号
INDEX_ID,企業
INDEX_ID,企業id
INDEX_ID,企業担当者
INDEX_ID,企業担当者id
INDEX_ID,企業担当者名
INDEX_ID,企業名
INDEX_ID,固定値
INDEX_ID,参加決定学生
INDEX_ID,氏名
INDEX_ID,実施開始日
INDEX_ID,実施終了日
INDEX_ID,実施場所
INDEX_ID,実施日数
INDEX_ID,職階
INDEX_ID,担当者
INDEX_ID,担当者id
INDEX_ID,担当者名
INDEX_ID,年度
INDEX_ID,年度別一覧
INDEX_ID,評定項目値
INDEX_ID,評定情報
INDEX_ID,部署名
INDEX_ID,予定実施日
INDEX_ID,予定実施日数
INDEX_ID,連絡先電話番
INDEX_ID,連絡先電話番号