INDEX_ID,開催年度
INDEX_ID,開催予定
INDEX_ID,連絡先電話番号
INDEX_ID,連絡先メールアドレス
INDEX_ID,識別番号
INDEX_ID,評定項目値
INDEX_ID,評定項目
INDEX_ID,評定閲覧
INDEX_ID,自由記述
INDEX_ID,自己評価入力
INDEX_ID,自己評価
INDEX_ID,総合評価
INDEX_ID,確定フラグ
INDEX_ID,注意事項
INDEX_ID,教員
INDEX_ID,担当者情報
INDEX_ID,担当者名
INDEX_ID,担当者id
INDEX_ID,担当年度
INDEX_ID,年度別一覧
INDEX_ID,実施開始日
INDEX_ID,実施終了日
INDEX_ID,実施日数
INDEX_ID,実施場所
INDEX_ID,実施内容
INDEX_ID,学籍番号
INDEX_ID,学生登録
INDEX_ID,学生氏名
INDEX_ID,学生情報
INDEX_ID,学生id
INDEX_ID,学生
INDEX_ID,各実施日
INDEX_ID,反省的態度
INDEX_ID,参加決定者
INDEX_ID,参加決定学生
INDEX_ID,参加学生決定
INDEX_ID,参加エントリ
INDEX_ID,参加インターンシップ情報閲覧
INDEX_ID,勤務態度
INDEX_ID,勤務内容理解
INDEX_ID,勤務内容
INDEX_ID,企業担当者連絡先電話番号
INDEX_ID,企業担当者登録
INDEX_ID,企業担当者名
INDEX_ID,企業担当者id
INDEX_ID,企業担当者
INDEX_ID,企業名
INDEX_ID,企業id
INDEX_ID,企業
INDEX_ID,事前準備状況
INDEX_ID,予定実施日数
INDEX_ID,予定実施日
INDEX_ID,一覧項目
INDEX_ID,ログインid
INDEX_ID,ログイン
INDEX_ID,ユーザ認証
INDEX_ID,ユーザid
INDEX_ID,メールアドレス
INDEX_ID,パスワード変更
INDEX_ID,パスワード
INDEX_ID,システム要求仕様
INDEX_ID,コミュニケーション
INDEX_ID,エントリ登録
INDEX_ID,インターンシップ詳細登録
INDEX_ID,インターンシップ評定情報
INDEX_ID,インターンシップ登録
INDEX_ID,インターンシップ情報
INDEX_ID,インターンシップ名
INDEX_ID,インターンシップ参加決定学生閲覧
INDEX_ID,インターンシップ参加学生
INDEX_ID,インターンシップエントリ情報
INDEX_ID,インターンシップエントリ学生閲覧
INDEX_ID,インターンシップid
INDEX_ID,インターンシップ
INDEX_ID,アドバイス参照
INDEX_ID,アドバイス入力
INDEX_ID,password
