INDEX_ID,黒ブロック
INDEX_ID,灰色点線内
INDEX_ID,添付数字
INDEX_ID,最大計測
INDEX_ID,数字部分
INDEX_ID,数字カード黒ブロック
INDEX_ID,数字カード置き場
INDEX_ID,数字カードボーナスサークル
INDEX_ID,数字カード
INDEX_ID,数字
INDEX_ID,実行委員会
INDEX_ID,大会開催地
INDEX_ID,取得方法
INDEX_ID,参加チーム
INDEX_ID,別途提示
INDEX_ID,交点サークル
INDEX_ID,中間ゲート2
INDEX_ID,中間ゲート1
INDEX_ID,中間ゲート
INDEX_ID,リザルトタイム確定
INDEX_ID,リザルトタイム
INDEX_ID,ボーナスブロック
INDEX_ID,ボーナスタイム獲得
INDEX_ID,ボーナスタイム
INDEX_ID,ボーナスサークル設置
INDEX_ID,ボーナスサークル
INDEX_ID,ブロックブロックビンゴ2020
INDEX_ID,ブロックビンゴ2020エリア
INDEX_ID,ブロックビンゴ2020
INDEX_ID,ブロックサークル番号
INDEX_ID,ブロックサークル
INDEX_ID,ブロック
INDEX_ID,フルビンゴ
INDEX_ID,ビンゴ
INDEX_ID,ナンバー黒ブロック
INDEX_ID,ナンバーボーナスサークル
INDEX_ID,トリプルビンゴ
INDEX_ID,ダブルビンゴ
INDEX_ID,スポンサー看板
INDEX_ID,シングルビンゴ
INDEX_ID,コース
INDEX_ID,カラーブロック有効移動
INDEX_ID,カラーブロック
INDEX_ID,カラーサークル
INDEX_ID,オレンジ範囲
INDEX_ID,アドバンストクラス難所
INDEX_ID,アドバンストクラス
INDEX_ID,アクティビティ
INDEX_ID,rコース
INDEX_ID,lコース
INDEX_ID,goal
INDEX_ID,etロボコンキャラクターロゴ
INDEX_ID,etロボコン2020ロゴ
INDEX_ID,etロボコン2020シミュレータ
