INDEX_ID,黒ブロック,10
INDEX_ID,黒ブロック
INDEX_ID,黒
INDEX_ID,関連ファイル
INDEX_ID,進入以降具体的
INDEX_ID,走行体全体
INDEX_ID,走行体ソフトウェア
INDEX_ID,走行体
INDEX_ID,走行タイム
INDEX_ID,走行
INDEX_ID,設置プライマリークラス難所
INDEX_ID,設置
INDEX_ID,計測終了操作
INDEX_ID,競技環境
INDEX_ID,競技
INDEX_ID,示す
INDEX_ID,灰色点線内
INDEX_ID,最大計測時間
INDEX_ID,時間計測
INDEX_ID,数字カード黒ブロック全体
INDEX_ID,数字カード黒ブロック,10
INDEX_ID,数字カード黒ブロック
INDEX_ID,数字カード置き場
INDEX_ID,数字カードボーナスサークル
INDEX_ID,数字カード
INDEX_ID,数字
INDEX_ID,実行委員会
INDEX_ID,大会開催地
INDEX_ID,同時に提出
INDEX_ID,各種ゲート等
INDEX_ID,参加チーム
INDEX_ID,初期値情報
INDEX_ID,全クラス共通
INDEX_ID,全カラーブロック
INDEX_ID,交点サークル
INDEX_ID,中間ゲート2
INDEX_ID,中間ゲート1
INDEX_ID,中間ゲート
INDEX_ID,一定期日前
INDEX_ID,リザルトタイム確定タッチセンサ押下操作後
INDEX_ID,リザルトタイム確定
INDEX_ID,リザルトタイム
INDEX_ID,ボーナスブロック
INDEX_ID,ボーナスタイム獲得例
INDEX_ID,ボーナスタイム獲得
INDEX_ID,ボーナスタイム
INDEX_ID,ボーナスサークル設置
INDEX_ID,ボーナスサークルブロックサークル番号
INDEX_ID,ボーナスサークル
INDEX_ID,ボーナス
INDEX_ID,プラットフォーム改変制限
INDEX_ID,プラットフォーム改変
INDEX_ID,ブロック搬入
INDEX_ID,ブロックブロックビンゴ2020
INDEX_ID,ブロックビンゴ2020エリア上
INDEX_ID,ブロックビンゴ2020エリア
INDEX_ID,ブロックビンゴ2020
INDEX_ID,ブロックサークル番号8
INDEX_ID,ブロックサークル番号6
INDEX_ID,ブロックサークル番号3
INDEX_ID,ブロックサークル番号1
INDEX_ID,ブロックサークル番号
INDEX_ID,ブロックサークル内
INDEX_ID,ブロックサークル
INDEX_ID,ブロック,10
INDEX_ID,ブロック
INDEX_ID,フォルダ以外
INDEX_ID,ナンバー黒ブロック全体
INDEX_ID,ナンバー黒ブロック,10
INDEX_ID,ナンバー黒ブロック
INDEX_ID,ナンバーボーナスサークル
INDEX_ID,トリプルビンゴ
INDEX_ID,タッチセンサ押下操作後
INDEX_ID,タッチセンサ押下操作実行委員会
INDEX_ID,タッチセンサ押下操作
INDEX_ID,タイム
INDEX_ID,ソフトウェア
INDEX_ID,スポンサー看板
INDEX_ID,スタート準備走行
INDEX_ID,スタート準備
INDEX_ID,スタート成立後
INDEX_ID,スタート位置
INDEX_ID,スタートライン手前
INDEX_ID,スタートライン
INDEX_ID,スタートエリア
INDEX_ID,スタート
INDEX_ID,シングルビンゴ
INDEX_ID,シミュレーション動作
INDEX_ID,コース
INDEX_ID,ガレージ方向
INDEX_ID,カラーブロック有効移動
INDEX_ID,カラーブロック全体
INDEX_ID,カラーブロック,8
INDEX_ID,カラーブロック
INDEX_ID,カラーサークル
INDEX_ID,オレンジ範囲
INDEX_ID,アドバンストクラス難所
INDEX_ID,アドバンストクラス固有
INDEX_ID,アドバンストクラス
INDEX_ID,アクティビティ
INDEX_ID,ほぼ左右対称
INDEX_ID,なお走行タイム
INDEX_ID,それぞれ個別
INDEX_ID,そのソフトウェア
INDEX_ID,する
INDEX_ID,し
INDEX_ID,される
INDEX_ID,され
INDEX_ID,この順に通過
INDEX_ID,および構成要素
INDEX_ID,および数字カード
INDEX_ID,および提出方法
INDEX_ID,および中間ゲート2
INDEX_ID,およびゴールゲート
INDEX_ID,い
INDEX_ID,timescale１
INDEX_ID,framespersecond
INDEX_ID,etロボコンキャラクターロゴ
INDEX_ID,etロボコンev3サポートサイト
INDEX_ID,etロボコン2020ロゴ
INDEX_ID,etロボコン2020シミュレータ内
INDEX_ID,etロボコン2020シミュレータ上
INDEX_ID,etロボコン2020シミュレータ
INDEX_ID,etソフトウェアデザインロボットコンテスト2020シミュレータ競技規約1
INDEX_ID,etソフトウェアデザインロボットコンテスト2020シミュレータ競技
INDEX_ID,etrobo開発環境
INDEX_ID,6
INDEX_ID,5種類,2
INDEX_ID,3
INDEX_ID,2
INDEX_ID,1チーム当たりlコース
INDEX_ID,120秒経過後
INDEX_ID,1
INDEX_ID,0
