INDEX_ID,etロボコン2020シミュレータ
INDEX_ID,etロボコン2020ロゴ
INDEX_ID,etロボコンキャラクターロゴ
INDEX_ID,アクティビティ
INDEX_ID,アドバンストクラス
INDEX_ID,アドバンストクラス難所
INDEX_ID,オレンジ範囲
INDEX_ID,カラーサークル
INDEX_ID,カラーブロック
INDEX_ID,カラーブロック有効移動
INDEX_ID,ガレージ方向
INDEX_ID,ゴールゲート
INDEX_ID,サンプル
INDEX_ID,シングルビンゴ
INDEX_ID,スポンサー看板
INDEX_ID,タイミング
INDEX_ID,タッチセンサ押下操作
INDEX_ID,ダブルビンゴ
INDEX_ID,トリプルビンゴ
INDEX_ID,ナンバーボーナスサークル
INDEX_ID,ナンバー黒ブロック
INDEX_ID,フルビンゴ
INDEX_ID,マイナス
INDEX_ID,リクエスト
INDEX_ID,リザルトタイム
INDEX_ID,リザルトタイム確定
INDEX_ID,中間ゲート
INDEX_ID,中間ゲート1
INDEX_ID,中間ゲート2
INDEX_ID,交点サークル
INDEX_ID,初期位置
INDEX_ID,初期設置
INDEX_ID,別途提示
INDEX_ID,参加チーム
INDEX_ID,取得方法
INDEX_ID,大会開催地
INDEX_ID,実行委員会
INDEX_ID,最大計測
INDEX_ID,灰色点線内
INDEX_ID,照明環境
INDEX_ID,競技環境
INDEX_ID,自動判定
INDEX_ID,規約説明
INDEX_ID,計測終了操作
INDEX_ID,該当ゲート
INDEX_ID,進入以降具体的
INDEX_ID,カラーブロック,8
INDEX_ID,ナンバー黒ブロック,10
